"event_title","event_description","event_room","event_start_day","event_start_time","event_end_day","event_end_time","event_type","event_age_limit"
"Pre-Reg Pick Up & Mixer/Social (Friday)","Badge Pre-Reg Pick Up + a chance to meet and get to know fellow con-goers.","George Nakano Theatre","6/13/25","15:00","6/13/25","21:00","Convention",""
"ARTISTS & VENDORS Pre-Reg (Friday)","Badge Pre-Reg Pick Up for Artists and Vendors ONLY.","Toyota Hall","6/13/25","15:00","6/13/25","21:00","Convention",""
"Badge Purchaes & Pre-Reg Pickup (Saturday)","Badge purchasing and pre-reg pickup will happen all day throughout Saturday at the George Nakano Theatre.","George Nakano Theatre","6/14/25","9:00","6/14/25","19:00","Convention",""
"Badge Purchaes & Pre-Reg Pickup (Sunday)","Badge purchasing and pre-reg pickup will happen all day throughout Sunday at the George Nakano Theatre.","George Nakano Theatre","6/15/25","9:00","6/15/25","17:00","Convention",""
"Doors Open (Saturday)","TouhouFest's Saturday start time is 9:00AM.","All","6/14/25","9:00","6/13/25","9:00","Convention",""
"Opening Ceremonies","Welcome to TouhouFest! MikoTan and several others on TouhouFest staff will start things off with a few opening remarks.","Torino Plaza","6/14/25","11:00","6/14/25","11:30","Convention",""
"Neo Sanctum Performance","Neo Sanctum, a Canadian Touhou music circle, will be hosting a small performance involving songs they've arranged. Stop by to hear some quality tunes!","Torino Plaza","6/14/25","15:00","6/14/25","16:00","Performance",""
"Holmgang ov Gensokyo Performance","H.O.G. is an international extreme touhou metal collaborative sampler held annually every year. Featuring artists and circles from everywhere, we promise to bring only the best arrangements possible. 

We will be performing a compilation of tracks from Holmgang Ov Gensokyo, as well as some specific circle tracks from our projects. All Touhou arrangements. ","Torino Plaza","6/14/25","16:30","6/14/25","17:30","Performance",""
"YONA Performance","3 piece instrumental progressive metal covering Touhou songs. Heavily video game & anime inspired. Our set consists of 5 Touhou covers picked from this [metal Touhou compilation EP I released last year.](https://youtu.be/GygnB6Vb6Y4?si=aLnnRiiXu0f5FlWN)","Torino Plaza","6/14/25","18:00","6/14/25","18:30","Performance",""
"Gensokyo You Can! Moriya Shrine: The Gateway to Touhou Pilgrimage","Despite Gensokyo is dangerous for humans, Touhou Pilgrimage is a great channel to safely explore many of its inspirations. Did you know Lake Suwa, home of the Moriya Trio, is an excellent introduction?

The panel will briefly cover the locale and culture that inspired the Moriya Shrine and its residents, Fandom Presences and Fanwork References.","Assembly Hall","6/14/25","10:00","6/14/25","11:30","Panels",""
"Fumology 103","A deep(ish), comedy-centric, interactive panel into everything Fumo, and the biggest one yet! You don't have to have been to 101 or 102, as we'll cover the same base material as we did there, but move into completely new territory that hasn't been covered before, with possibly some announcements? And we may or may not (will) have a giveaway too ;)

If you have something to do during the panel, you're welcome to join us any time! ","Assembly Hall","6/14/25","12:00","6/14/25","13:30","Panels",""
"""Even A Monkey Can Draw Anime Girls! How Touhou 1draw Can Improve Your Art Skills""","Does looking at pretty Touhou art make your heart yearn, wishing you could draw like that? Struggled to get started? Lost motivation? Don't worry, Jennifer Raye has been there too, and she'll show you how to fight your evil brain demons and start drawing pretty anime girls right here, right now! Simple drawing supplies will be provided, but bringing your own is recommended.","Assembly Hall","6/14/25","14:00","6/14/25","15:30","Panels",""
"Cosplay Contest Pre-Judging","Preliminary judging for Cosplay Contest participants prior to the main event. (Note: regular attendees should attend the Cosplay Contest at 5:00PM, *not* this event)","Assembly Hall","6/14/25","16:00","6/14/25","17:00","Cosplay",""
"Cosplay Contest","A amazing showcase of some *very* talented and creative Touhou cosplayers! This event breaks down as follows:
- Seating: 5:00 PM - 5:30 PM
- Cosplay Contest: 5:30 PM - 7:00 PM","Assembly Hall","6/14/25","17:00","6/14/25","19:00","Cosplay.Performance",""
"M-1 Garand Prix Showing","","Assembly Hall","6/14/25","19:30","6/14/25","21:00","Screening",""
"Artist Alley Open (Saturday)","Come visit Artist Alley and purchase a variety of prints, charms, and other fanworks from local artists! Artist Alley opens Saturday at 9:00 AM.","Ken Miller","6/14/25","10:00","6/14/25","10:00","Convention",""
"Artist Alley Close (Saturday)","Artist Alley closes on Saturday at 6:00 PM. We'll see you again in Artist Alley on Sunday at 9:00 AM!","Ken Miller","6/14/25","18:00","6/14/25","18:00","Convention",""
"TouhouFest LIVE Concert","","James R. Armstrong Theatre","6/14/25","19:00","6/14/25","22:30","Guest.Performance",""
"Guest Meet & Greet","An opportunity to meet the very talented guests featured at the TouhouFest LIVE Concert and get autographs as desired!","James R. Armstrong Theatre","6/14/25","22:30","6/15/25","0:30","Guest",""
"Cosplay Meetup: Go to hell!! (TH11, TH17, TH17.5, TH19)","Cosplay Meetup & Photoshoot for cosplayers from the below games and characters: 

**Protagonists**
- Reimu
- Marisa

**Touhou 11 ""Subterranean Animism""**
- Alice
- Nitori
- Patchouli
- Suika
- Yukari
- Aya
- Kisume
- Yamame
- Parsee
- Yuugi
- Satori
- Orin
- Okuu
- Sanae
- Koishi
- Kanako
- Suwako

**Touhou 17 ""Wily Beast and Weakest Creature""**
- Youmu
- Eika
- Urumi
- Kutaka
- Yachie
- Mayumi
- Keiki
- Saki

**Touhou 17.5 ""Gouyoku Ibun""**
- Kanako
- Murasa
- Jo'on & Shion
- Flandre
- Okina
- Yamame
- Kogasa
- Yuugi
- Okuu
- Kutaka
- Yuuma

**Touhou 19 ""Unfinished Dream of All Living Ghost""**
- Sanae
- Ran
- Aunn
- Nazrin
- Seiran
- Rin
- Tsukasa
- Mamizou
- Yachie
- Saki
- Yuuma
- Suika
- Son Biten
- Enoko
- Chiyari
- Hisami
- Zanmu","Pine Wind Garden","6/14/25","10:00","6/14/25","11:00","Cosplay.Photoshoot",""
"Kigurumi Photoshoot","","Pine Wind Garden","6/14/25","11:30","6/14/25","12:30","Cosplay.Photoshoot",""
"Cosplay Meetup: Lunar Landing in the Bamboo Forest (TH08, TH15, TH14)","Cosplay Meetup & Photoshoot for cosplayers from the below games and characters: 

**Main Protagonists**
- Reimu
- Marisa

**Touhou 8 ""Imperishable Night""**
- Yukari
- Alice
- Remilia
- Sakuya
- Yuyuko
- Youmu
- Wriggle
- Mystia
- Keine
- Tewi
- Reisen
- Eirin
- Kaguya
- Mokou

**Touhou 15 ""Legacy of Lunatic Kingdom""**
- Sanae
- Reisen
- Seiran
- Ringo
- Doremy
- Sagume
- Clownpiece
- Junko
- Hecatia

**Touhou 14 ""Double Dealing Character""**
- Cirno
- Wakasagahime
- Sekibanki
- Kagerou
- Benben & Yatsuhashi
- Seija
- Sukuna
- Raiko
- Mokou
- Hecatia
- Raiko","Pine Wind Garden","6/14/25","12:30","6/14/25","13:30","Cosplay.Photoshoot",""
"Cosplay Meetup: The Faithful Gods (TH10, TH12, TH13, TH16, TH18)","Cosplay Meetup & Photoshoot for cosplayers from the below games and characters:

**Main Protagonists**
- Reimu
- Marisa

**Touhou 10 ""Mountain of Faith""**
- Shizuha
- Minoriko
- Hina
- Nitori
- Momiji
- Aya
- Kanako
- Suwako

**Touhou 12 ""Undefined Fantastic Object""**
- Sanae
- Nazrin
- Kogasa
- Ichirn & Unzan
- Murasa
- Shou
- Byakuren
- Nue

**Touhou 13 ""Ten Desires""**
- Sanae
- Youmu
- Yuyuko
- Kogasa
- Yoshika
- Seiga
- Tokiko
- Futo
- Nue
- Mamizou

**Touhou 16 ""Hidden Star in Four Seasons""**
- Cirno
- Aya
- Eternity Larva
- Nemuno
- Lily White
- Aunn
- Narumi
- Satono & Mai
- Okina

**Touhou 18 ""Unconnected Marketeers""**
- Sakuya
- Sanae
- Mike
- Takane
- Sanyo
- Misumaru
- Tsukasa
- Megumu
- Chimata
- Momoyo
- Murasa
- Yuyuko
- Youmu","Pine Wind Garden","6/14/25","13:30","6/14/25","14:30","Cosplay.Photoshoot",""
"Fumo Meet Up","Interested in getting to know other Fumo owners at the con? Stop by this fumo small gathering/photoshoot!","Pine Wind Garden","6/14/25","15:00","6/14/25","16:00","Photoshoot",""
"Heart of the Hijack: Why Are There So Many Touhou Hijacks?","Touhou hijacks have long been a core part of the Touhou experience, but how and why do they keep on happening? Self-proclaimed Touhou hijackologist Delta Pie, operator of the Touhou Hijack Archive on Twitter and BlueSky, explores the stories behind popular and not-so-popular Touhou hijacks to try to make sense of how Touhou keeps getting into the most bizarre places.","Children's Art Wing","6/14/25","10:00","6/14/25","11:00","Panels",""
"The Soku Rundown","Touhoufest, EVO, Frosty Faustings, and CEOtaku champion DaBomb presents his quick fix, lightning fast guide to learning Touhou 12.3: Hisoutensoku. Join to learn a unique way to enjoy the series through fighting games. All skill levels in fighting games are welcome. Learn the ropes, pick a character, get some ideas, and then get out there to have fun and have Soku.","Children's Art Wing","6/14/25","11:30","6/14/25","12:30","Panels",""
"Designing and Creating Touhou Cosplays that Fit YOUR Needs!","Interested in Touhou cosplay but don’t know where to start? Can’t find a character that suits your body-type or would feel comfortable to cosplay? Want to rep your favorite character but don’t feel comfortable in feminine clothing? Come and join us! We will cover everything from closet cosplays to designing and creating your own cosplay from scratch! In addition, we will give a lot of different designs and cosplay ideas so you can have a Touhou cosplay you love, no matter your level of experience!","Children's Art Wing","6/14/25","13:00","6/14/25","14:30","Panels",""
"Queer Gensokyo: Touhou through a Queer Lens","This panel is about the queer characters and identities which exist in Gensokyo and in the wider Touhou Project. It consists of a brief overview of what a queer lens is, before applying that lens to several characters and to the setting of Gensokyo. Audience participation is encouraged, but this is NOT a panel to debate the validity of identity and queerness. ","Children's Art Wing","6/14/25","15:00","6/14/25","16:00","Panels",""
"Writing a Touhou Book (The Sumireko Chronicle) with Megapig9001","Writer Megapig9001 details how he ended up writing a Touhou Fiction Novella for TouhouFest 2024. Megapig will detail how the idea of the book came to be, the hurdles of getting the book made, and different experimental ideas the book employs. Megapig will also offer advice to fellow Touhou Writers.","Children's Art Wing","6/14/25","16:30","6/14/25","17:30","Panels",""
"Itasha: The Automotive Expression of your Favorite Waifu","Interested in Anime Cars? Want to know more about their history and the process of starting on a project of your own? You've come to the right place. This is a panel designed to demystify what they are, teach you more about the culture, and give you the fundamental building blocks to make own of your own!","Children's Art Wing","6/14/25","18:00","6/14/25","19:00","Panels",""
"Maid Academy Performance","Maid Academy Cafe, a local Maid & Butler cafe located in Orange County, will be hosting a small performance involving a variety of popular songs. For more information about the group [check out their Instagram](https://www.instagram.com/maidacademycafe/).","Torino Plaza","6/15/25","11:00","6/15/26","12:00","Performance",""
"TAMUSIC Performance","Here comes a returning guest of honor, TAMUSIC!!!! He'll be performing with us again this year at TouhouFest 2025 with his signature violin!","Torino Plaza","6/15/25","13:30","6/15/26","14:30","Guest.Performance",""
"JAM with TAM","A special jam session where musically inclined con attendees will be playing on-stage with TAM performing various Touhou arrangements!","Torino Plaza","6/15/25","14:30","6/15/26","15:30","Guest.Performance",""
"TAM Signing/Meet and Greet","An opportunity to meet + get to know TAM himself and get autographs as desired!","Torino Plaza","6/15/25","15:30","6/15/26","16:00","Guest",""
"Closing Ceremonies","Thank you all for attending TouhouFest 2025! MikoTan and others on staff will give a few closing remarks.","Torino Plaza","6/15/25","17:30","6/15/26","18:00","Convention",""
"Doors Close (Saturday)","TouhouFest closes for the night. We'll see you again Sunday at 9:00 AM!","All","6/15/25","0:30","6/15/26","0:30","Convention",""
"Doors Open (Sunday)","TouhouFest's Sunday start time is 9:00AM.","All","6/15/25","9:00","6/15/26","9:00","Convention",""
"Doors Close (Sunday)","TouhouFest closes shop on Sunday at 6:00 PM. See you all next year!","All","6/15/25","18:00","6/15/26","18:00","Convention",""
"TOUHOU WRESTLING!","Paradarx and his announcers are back with Touhou Wrestling! This time, there will be more epic matches with characters created with the latest WWE 2K24 game! Who will come out on top as the champion this year? Forget everything about Spell Card rules, Brother! Your in it for the EXTREME! OOH YEEEAH!","Assembly Hall","6/15/25","12:00","6/15/26","13:30","Panels",""
"Miko-san Performance","","Assembly Hall","6/15/25","16:00","6/15/26","17:30","Guest.Performance",""
"Artist Alley Open (Sunday)","Come visit Artist Alley and purchase a variety of prints, charms, and other fanworks from local artists! Artist Alley opens Sunday at 10:00 AM.","Ken Miller","6/15/25","10:00","6/15/25","10:00","Convention",""
"Artist Alley Close (Sunday)","Artist Alley closes on Sunday at 5:30 PM. We'll see you again next year!","Ken Miller","6/15/25","17:30","6/15/25","17:30","Convention",""
"Cosplay Meetup: PC-98 (TH01 ~ TH05)","Cosplay Meetup & Photoshoot for any characters from the Touhou PC-98 games.

**Main Protagonists**
- Reimu
- Marisa

**Touhou 1 ""Highly Responsive to Prayers""**
- Singyoku
- Yuugenmagan
- Elis
- Sariel
- Mima
- Kikuri

**Touhou 2 ""Story of Eastern Wonderland""**
- Genji
- Rika
- Meira
- Mima

**Touhou 3 ""Phantasmagoria of Dimensional Dream""**
- Mima
- Ellen
- Kana
- Kotohime
- Rikako
- Yumemi
- Ruukoto
- Mimi-chan

**Touhou 4 ""Lotus Land Story""**
- Orange
- Kurumi
- Elly
- Yuuka
- Mugetsu
- Gengetsu

**Touhou 5 ""Mystic Square""**
- Mima
- Yuuka
- Wheel Demon
- Sara
- Louise
- Hikariko
- Alice
- Yuki
- Mai
- Ayano
- Yumeko
- Shinki","Pine Wind Garden","6/15/25","10:30","6/15/25","11:00","Cosplay.Photoshoot",""
"Cosplay Meetup: Fighting Games (TH7.5, TH10.5, TH12.3, TH13.5, TH14.5, TH15.5)","Cosplay Meetup & Photoshoot for cosplayers from any of the fighting games and characters.

**Main Protagonists**
- Reimu
- Marisa

**Touhou 7.5 ""Immaterial and Missing Power""**
- Sakuya
- Alice
- Patchouli
- Youmu
- Remilia
- Yuyuko
- Yukari
- Suika
- Meiling

**Touhou 10.5 ""Scarlet Weather Rhapsody""**
- Sakuya
- Alice
- Patchouli
- Youmu
- Remilia
- Yuyuko
- Yukari
- Reisen
- Suika
- Aya
- Komachi
- Iku
- Tenshi

**Touhou 12.3 ""Hisoutensoku""**
- Sanae
- Cirno
- Meiling
- Alice
- Patchouli
- Okuu
- Suwako
- Hisoutensoku
- Goliath Doll

**Touhou 13.5 ""Hopeless Masquerade""**
- Ichirn & Unzan
- Byakuren
- Futo
- Miko
- Nitori
- Koishi
- Mamizou
- Kokoro

**Touhou 14.5 ""Urban Legend in Limbo""**
- Ichiran & Unzan
- Byakuren
- Futo
- Miko
- Nitori
- Koishi
- Mamizou
- Kokoro
- Mokou
- Kasen
- Sukun
- Sumireko
- Reisen

**Touhou 15.5 ""Antimony of Common Flowers""**
- Ichiran & Unzan
- Byakuren
- Futo
- Miko
- Nitori
- Koishi
- Mamizou
- Kokoro
- Mokou
- Kasen
- Sukuna
- Sumireko
- Reisen
- Doremy
- Tenshi
- Yukari
- Jo'on
- Shion","Pine Wind Garden","6/15/25","11:00","6/15/25","12:00","Cosplay.Photoshoot",""
"Cosplay Meetup: The Devil's Mansion (TH06, Touhouvania 1 & 2)","Cosplay Meetup & Photoshoot for cosplayers from the below games and characters: 

**Touhou 6 ""Embodiment of Scarlet Devil""**
- Reimu
- Marisa
- Rumia
- Daiyousei
- Cirno
- Meiling
- Koakuma
- Patchouli
- Sakuya
- Remilia
- Flandre
- Rin Satsuki

**Touhouvania / Koumanjou Densetsu 1 & 2**
- All costumes and designs featured","Pine Wind Garden","6/15/25","12:00","6/15/25","13:00","Cosplay.Photoshoot",""
"Fangames Photoshoot","","Pine Wind Garden","6/15/25","13:00","6/15/25","14:00","Cosplay.Photoshoot",""
"A World Connecting Unreality","What happens when Touhou inspires bright minds to make derivative and original stories following Touhou's format? Look no further to A World Connecting Unreality! Here, the panelists will introduce one of these examples, Len'en Project and go over Touhou inspirations in its works.","Children's Art Wing","6/15/25","10:00","6/15/25","11:00","Panels",""
"Western Touhou Fandom: Past, Present, and Future","","Children's Art Wing","6/15/25","11:30","6/15/25","13:00","Panels",""
"The Wondrous World of Sukusuku Hakutaku","A panel discussing the Sukusuku plushies, their history, and many of the various derivative works that expand on their lore","Children's Art Wing","6/15/25","13:30","6/15/25","14:30","Panels",""
"Touhou Five on Overdrive!","No one knows anything about the Touhou 5, so let's five that! Mystic Square is arguably one of the GREATEST Touhou games ever made; you deserve to learn about how to play and appreciate what it did for the franchise.","Children's Art Wing","6/15/25","15:00","6/15/25","16:00","Panels",""
"Bakkun DJ Set","","Torino Plaza","6/14/25","12:00","6/14/25","13:00","DJ",""
"AfterGlow DJ Set","","Torino Plaza","6/14/25","13:30","6/14/25","14:30","DJ",""